f-lig-chi-0,f-lig-chi-1,f-lig-chi-2,f-lig-chi-3,f-lig-Z-0,f-lig-Z-1,f-lig-Z-2,f-lig-Z-3,f-lig-I-0,f-lig-I-1,f-lig-I-2,f-lig-I-3,f-lig-T-0,f-lig-T-1,f-lig-T-2,f-lig-T-3,f-lig-S-0,f-lig-S-1,f-lig-S-2,f-lig-S-3,name
227.9376,462.3872,730.6743999999999,872.4929999999999,942.0,1946.0,2812.0,3060.0,34.0,70.0,112.0,134.0,182.0,440.0,604.0,678.0,14.3858,33.74220000000001,49.173600000000015,57.114200000000025,qmof-1c3833a_primitive
227.9376,462.3872,730.6743999999999,872.4929999999999,942.0,1946.0,2812.0,3060.0,34.0,70.0,112.0,134.0,182.0,440.0,604.0,678.0,14.3858,33.74220000000001,49.173600000000015,57.114200000000025,qmof-1c3833a_primitive
227.9376,462.3872,730.6743999999999,872.4929999999999,942.0,1946.0,2812.0,3060.0,34.0,70.0,112.0,134.0,182.0,440.0,604.0,678.0,14.3858,33.74220000000001,49.173600000000015,57.114200000000025,qmof-1c3833a_primitive
406.7315999999999,848.0790000000006,1335.9156000000007,1615.773000000001,1701.0,3636.0,5262.0,5916.0,63.0,132.0,210.0,258.0,342.0,834.0,1158.0,1302.0,27.416700000000013,64.95720000000003,95.24340000000001,113.49300000000005,qmof-2b10e5e_primitive
