f-lig-chi-0,f-lig-chi-1,f-lig-chi-2,f-lig-chi-3,f-lig-Z-0,f-lig-Z-1,f-lig-Z-2,f-lig-Z-3,f-lig-I-0,f-lig-I-1,f-lig-I-2,f-lig-I-3,f-lig-T-0,f-lig-T-1,f-lig-T-2,f-lig-T-3,f-lig-S-0,f-lig-S-1,f-lig-S-2,f-lig-S-3,name
406.7315999999999,848.0790000000006,1335.9156000000007,1615.773000000001,1701.0,3636.0,5262.0,5916.0,63.0,132.0,210.0,258.0,342.0,834.0,1158.0,1302.0,27.416700000000013,64.95720000000003,95.24340000000001,113.49300000000005,qmof-2b10e5e_primitive
