f-chi-0-all,f-chi-1-all,f-chi-2-all,f-chi-3-all,f-Z-0-all,f-Z-1-all,f-Z-2-all,f-Z-3-all,f-I-0-all,f-I-1-all,f-I-2-all,f-I-3-all,f-T-0-all,f-T-1-all,f-T-2-all,f-T-3-all,f-S-0-all,f-S-1-all,f-S-2-all,f-S-3-all,mc-chi-0-all,mc-chi-1-all,mc-chi-2-all,mc-chi-3-all,mc-Z-0-all,mc-Z-1-all,mc-Z-2-all,mc-Z-3-all,mc-I-0-all,mc-I-1-all,mc-I-2-all,mc-I-3-all,mc-T-0-all,mc-T-1-all,mc-T-2-all,mc-T-3-all,mc-S-0-all,mc-S-1-all,mc-S-2-all,mc-S-3-all,D_mc-chi-0-all,D_mc-chi-1-all,D_mc-chi-2-all,D_mc-chi-3-all,D_mc-Z-0-all,D_mc-Z-1-all,D_mc-Z-2-all,D_mc-Z-3-all,D_mc-I-0-all,D_mc-I-1-all,D_mc-I-2-all,D_mc-I-3-all,D_mc-T-0-all,D_mc-T-1-all,D_mc-T-2-all,D_mc-T-3-all,D_mc-S-0-all,D_mc-S-1-all,D_mc-S-2-all,D_mc-S-3-all,name
93.1012,171.72479999999996,379.641,210.5279999999999,661.0,1824.0,2388.0,1152.0,10.0,24.0,36.0,24.0,72.0,192.0,192.0,96.0,6.563699999999999,17.782799999999998,21.8082,13.4904,2.5921000000000003,33.2304,12.3165,12.3165,169.0,624.0,234.0,234.0,1.0,6.0,3.0,3.0,36.0,72.0,54.0,54.0,1.5876,5.518800000000001,2.9106,2.9106,0.0,-10.98,-2.8199999999999994,-2.8199999999999994,0.0,30.0,21.0,21.0,0.0,0.0,0.0,0.0,0.0,24.0,9.0,9.0,0.0,3.1800000000000006,1.47,1.47,qmof-1c3833a_primitive
93.10119999999998,171.72479999999996,379.641,210.528,661.0,1824.0,2388.0,1152.0,10.0,24.0,36.0,24.0,72.0,192.0,192.0,96.0,6.563699999999999,17.7828,21.8082,13.4904,2.5921000000000003,33.2304,12.3165,12.3165,169.0,624.0,234.0,234.0,1.0,6.0,3.0,3.0,36.0,72.0,54.0,54.0,1.5876,5.518800000000001,2.9106,2.9106,0.0,-10.98,-2.8199999999999994,-2.8199999999999994,0.0,30.0,21.0,21.0,0.0,0.0,0.0,0.0,0.0,24.0,9.0,9.0,0.0,3.1800000000000006,1.47,1.47,qmof-1c3833a_primitive
93.1012,171.72479999999996,379.641,210.5279999999999,661.0,1824.0,2388.0,1152.0,10.0,24.0,36.0,24.0,72.0,192.0,192.0,96.0,6.563699999999999,17.782799999999998,21.8082,13.490400000000001,2.5921000000000003,33.2304,12.316500000000001,12.316500000000001,169.0,624.0,234.0,234.0,1.0,6.0,3.0,3.0,36.0,72.0,54.0,54.0,1.5876000000000001,5.518800000000001,2.9106,2.9106,0.0,-10.979999999999999,-2.8199999999999994,-2.8199999999999994,0.0,30.0,21.0,21.0,0.0,0.0,0.0,0.0,0.0,24.0,9.0,9.0,0.0,3.1800000000000006,1.47,1.47,qmof-2b10e5e_primitive
